<?xml version="1.0" encoding="UTF-8"?>
<iLLD:filelist driver="IfxDts" xmlns:iLLD="http://www.infineon.com/cms/xml/iLLD/1.0/EN">
  <iLLD:class name="mchal"/> <!-- Derivative specific library -->
  <iLLD:class name="srvsw"/> <!-- Service software library -->
  <iLLD:file class="mchal">Scu/Std/IfxScuCcu.c</iLLD:file>
  <iLLD:file class="mchal">Scu/Std/IfxScuWdt.c</iLLD:file>
  <iLLD:file class="mchal">Port/Std/IfxPort.c</iLLD:file>
  <iLLD:file class="mchal">_Impl/IfxPort_cfg_TC33x.c</iLLD:file>
  <iLLD:file class="mchal">_Impl/IfxPort_cfg_TC33xED.c</iLLD:file>
  <iLLD:file class="mchal">_Impl/IfxPort_cfg_TC35x.c</iLLD:file>
  <iLLD:file class="mchal">_Impl/IfxPort_cfg_TC36x.c</iLLD:file>
  <iLLD:file class="mchal">_Impl/IfxPort_cfg_TC37x.c</iLLD:file>
  <iLLD:file class="mchal">_Impl/IfxPort_cfg_TC37xED.c</iLLD:file>
  <iLLD:file class="mchal">_Impl/IfxPort_cfg_TC38EVOx.c</iLLD:file>
  <iLLD:file class="mchal">_Impl/IfxPort_cfg_TC38x.c</iLLD:file>
  <iLLD:file class="mchal">_Impl/IfxPort_cfg_TC39xB.c</iLLD:file>
  <iLLD:file class="mchal">Dts/Std/IfxDts.c</iLLD:file>
  <iLLD:file class="mchal">Dts/Dts/IfxDts_Dts.c</iLLD:file>
</iLLD:filelist>
