<?xml version="1.0" encoding="UTF-8"?>
<iLLD:filelist driver="IfxHssl" xmlns:iLLD="http://www.infineon.com/cms/xml/iLLD/1.0/EN">
  <iLLD:class name="mchal"/> <!-- Derivative specific library -->
  <iLLD:class name="srvsw"/> <!-- Service software library -->
  <iLLD:file class="mchal">Scu/Std/IfxScuCcu.c</iLLD:file>
  <iLLD:file class="mchal">Scu/Std/IfxScuWdt.c</iLLD:file>
  <iLLD:file class="mchal">Port/Std/IfxPort.c</iLLD:file>
  <iLLD:file class="mchal">_Impl/IfxPort_cfg_TC36x.c</iLLD:file>
  <iLLD:file class="mchal">_Impl/IfxPort_cfg_TC37x.c</iLLD:file>
  <iLLD:file class="mchal">_Impl/IfxPort_cfg_TC37xED.c</iLLD:file>
  <iLLD:file class="mchal">_Impl/IfxPort_cfg_TC38EVOx.c</iLLD:file>
  <iLLD:file class="mchal">_Impl/IfxPort_cfg_TC38x.c</iLLD:file>
  <iLLD:file class="mchal">_Impl/IfxPort_cfg_TC39xB.c</iLLD:file>
  <iLLD:file class="mchal">_Impl/IfxHssl_cfg_TC36x.c</iLLD:file>
  <iLLD:file class="mchal">_Impl/IfxHssl_cfg_TC37x.c</iLLD:file>
  <iLLD:file class="mchal">_Impl/IfxHssl_cfg_TC37xED.c</iLLD:file>
  <iLLD:file class="mchal">_Impl/IfxHssl_cfg_TC38EVOx.c</iLLD:file>
  <iLLD:file class="mchal">_Impl/IfxHssl_cfg_TC38x.c</iLLD:file>
  <iLLD:file class="mchal">_Impl/IfxHssl_cfg_TC39xB.c</iLLD:file>
  <iLLD:file class="mchal">Hssl/Std/IfxHssl.c</iLLD:file>
  <iLLD:file class="mchal">Hssl/Hssl/IfxHssl_Hssl.c</iLLD:file>
</iLLD:filelist>
