<?xml version="1.0" encoding="UTF-8"?>
<iLLD:filelist driver="IfxHspdm" xmlns:iLLD="http://www.infineon.com/cms/xml/iLLD/1.0/EN">
  <iLLD:class name="mchal"/> <!-- Derivative specific library -->
  <iLLD:class name="srvsw"/> <!-- Service software library -->
  <iLLD:file class="mchal">Scu/Std/IfxScuCcu.c</iLLD:file>
  <iLLD:file class="mchal">Scu/Std/IfxScuWdt.c</iLLD:file>
  <iLLD:file class="mchal">Port/Std/IfxPort.c</iLLD:file>
  <iLLD:file class="mchal">_Impl/IfxPort_cfg_TC33xED.c</iLLD:file>
  <iLLD:file class="mchal">_Impl/IfxPort_cfg_TC35x.c</iLLD:file>
  <iLLD:file class="mchal">_Impl/IfxPort_cfg_TC39xB.c</iLLD:file>
  <iLLD:file class="mchal">Hspdm/Std/IfxHspdm.c</iLLD:file>
  <iLLD:file class="mchal">_Impl/IfxHspdm_cfg_TC39xB.c</iLLD:file>
  <iLLD:file class="mchal">_PinMap/IfxHspdm_PinMap_TC33xED_516.c</iLLD:file>
  <iLLD:file class="mchal">_PinMap/IfxHspdm_PinMap_TC33xED_LFBGA292_adas.c</iLLD:file>
  <iLLD:file class="mchal">_PinMap/IfxHspdm_PinMap_TC35x_516.c</iLLD:file>
  <iLLD:file class="mchal">_PinMap/IfxHspdm_PinMap_TC35x_LFBGA292_adas.c</iLLD:file>
  <iLLD:file class="mchal">_PinMap/IfxHspdm_PinMap_TC39xB_516.c</iLLD:file>
  <iLLD:file class="mchal">_PinMap/IfxHspdm_PinMap_TC39xB_LFBGA292.c</iLLD:file>
  <iLLD:file class="mchal">_PinMap/IfxHspdm_PinMap_TC39xB_LFBGA292_adas.c</iLLD:file>
  <iLLD:file class="mchal">_PinMap/IfxHspdm_PinMap_TC39xB_LFBGA516.c</iLLD:file>
</iLLD:filelist>
