<?xml version="1.0" encoding="UTF-8"?>
<iLLD:filelist driver="IfxMsc" xmlns:iLLD="http://www.infineon.com/cms/xml/iLLD/1.0/EN">
  <iLLD:class name="mchal"/> <!-- Derivative specific library -->
  <iLLD:class name="srvsw"/> <!-- Service software library -->
  <iLLD:file class="mchal">Scu/Std/IfxScuCcu.c</iLLD:file>
  <iLLD:file class="mchal">Scu/Std/IfxScuWdt.c</iLLD:file>
  <iLLD:file class="mchal">Port/Std/IfxPort.c</iLLD:file>
  <iLLD:file class="mchal">_Impl/IfxPort_cfg_TC36x.c</iLLD:file>
  <iLLD:file class="mchal">_Impl/IfxPort_cfg_TC37x.c</iLLD:file>
  <iLLD:file class="mchal">_Impl/IfxPort_cfg_TC37xED.c</iLLD:file>
  <iLLD:file class="mchal">_Impl/IfxPort_cfg_TC38EVOx.c</iLLD:file>
  <iLLD:file class="mchal">_Impl/IfxPort_cfg_TC38x.c</iLLD:file>
  <iLLD:file class="mchal">_Impl/IfxPort_cfg_TC39xB.c</iLLD:file>
  <iLLD:file class="mchal">Msc/Std/IfxMsc.c</iLLD:file>
  <iLLD:file class="mchal">Msc/Msc/IfxMsc_Msc.c</iLLD:file>
  <iLLD:file class="mchal">_Impl/IfxMsc_cfg_TC36x.c</iLLD:file>
  <iLLD:file class="mchal">_Impl/IfxMsc_cfg_TC37x.c</iLLD:file>
  <iLLD:file class="mchal">_Impl/IfxMsc_cfg_TC37xED.c</iLLD:file>
  <iLLD:file class="mchal">_Impl/IfxMsc_cfg_TC38EVOx.c</iLLD:file>
  <iLLD:file class="mchal">_Impl/IfxMsc_cfg_TC38x.c</iLLD:file>
  <iLLD:file class="mchal">_Impl/IfxMsc_cfg_TC39xB.c</iLLD:file>
  <iLLD:file class="mchal">_PinMap/IfxMsc_PinMap_TC36x_516.c</iLLD:file>
  <iLLD:file class="mchal">_PinMap/IfxMsc_PinMap_TC36x_LFBGA180.c</iLLD:file>
  <iLLD:file class="mchal">_PinMap/IfxMsc_PinMap_TC36x_LFBGA292.c</iLLD:file>
  <iLLD:file class="mchal">_PinMap/IfxMsc_PinMap_TC36x_LQFP144.c</iLLD:file>
  <iLLD:file class="mchal">_PinMap/IfxMsc_PinMap_TC36x_LQFP176.c</iLLD:file>
  <iLLD:file class="mchal">_PinMap/IfxMsc_PinMap_TC36x_TQFP144.c</iLLD:file>
  <iLLD:file class="mchal">_PinMap/IfxMsc_PinMap_TC37x_516.c</iLLD:file>
  <iLLD:file class="mchal">_PinMap/IfxMsc_PinMap_TC37x_LFBGA292.c</iLLD:file>
  <iLLD:file class="mchal">_PinMap/IfxMsc_PinMap_TC37x_LQFP176.c</iLLD:file>
  <iLLD:file class="mchal">_PinMap/IfxMsc_PinMap_TC37xED_516.c</iLLD:file>
  <iLLD:file class="mchal">_PinMap/IfxMsc_PinMap_TC37xED_LFBGA292.c</iLLD:file>
  <iLLD:file class="mchal">_PinMap/IfxMsc_PinMap_TC37xED_LFBGA292_geth.c</iLLD:file>
  <iLLD:file class="mchal">_PinMap/IfxMsc_PinMap_TC37xED_LQFP144.c</iLLD:file>
  <iLLD:file class="mchal">_PinMap/IfxMsc_PinMap_TC37xED_LQFP176.c</iLLD:file>
  <iLLD:file class="mchal">_PinMap/IfxMsc_PinMap_TC37xED_TQFP144.c</iLLD:file>
  <iLLD:file class="mchal">_PinMap/IfxMsc_PinMap_TC38EVOx_516.c</iLLD:file>
  <iLLD:file class="mchal">_PinMap/IfxMsc_PinMap_TC38EVOx_LFBGA292.c</iLLD:file>
  <iLLD:file class="mchal">_PinMap/IfxMsc_PinMap_TC38x_516.c</iLLD:file>
  <iLLD:file class="mchal">_PinMap/IfxMsc_PinMap_TC38x_LFBGA292.c</iLLD:file>
  <iLLD:file class="mchal">_PinMap/IfxMsc_PinMap_TC38x_LFBGA516.c</iLLD:file>
  <iLLD:file class="mchal">_PinMap/IfxMsc_PinMap_TC39xB_516.c</iLLD:file>
  <iLLD:file class="mchal">_PinMap/IfxMsc_PinMap_TC39xB_LFBGA292.c</iLLD:file>
  <iLLD:file class="mchal">_PinMap/IfxMsc_PinMap_TC39xB_LFBGA292_adas.c</iLLD:file>
  <iLLD:file class="mchal">_PinMap/IfxMsc_PinMap_TC39xB_LFBGA516.c</iLLD:file>
</iLLD:filelist>

