<?xml version="1.0" encoding="UTF-8"?>
<iLLD:filelist driver="IfxStm" xmlns:iLLD="http://www.infineon.com/cms/xml/iLLD/1.0/EN">
  <iLLD:class name="mchal"/> <!-- Derivative specific library -->
  <iLLD:class name="srvsw"/> <!-- Service software library -->
  <iLLD:file class="mchal">Scu/Std/IfxScuCcu.c</iLLD:file>
  <iLLD:file class="mchal">Scu/Std/IfxScuWdt.c</iLLD:file>
  <iLLD:file class="mchal">Stm/Std/IfxStm.c</iLLD:file>
  <iLLD:file class="mchal">Stm/Timer/IfxStm_Timer.c</iLLD:file>
  <iLLD:file class="mchal">_Impl/IfxStm_cfg_TC33x.c</iLLD:file>
  <iLLD:file class="mchal">_Impl/IfxStm_cfg_TC33xED.c</iLLD:file>
  <iLLD:file class="mchal">_Impl/IfxStm_cfg_TC35x.c</iLLD:file>
  <iLLD:file class="mchal">_Impl/IfxStm_cfg_TC36x.c</iLLD:file>
  <iLLD:file class="mchal">_Impl/IfxStm_cfg_TC37x.c</iLLD:file>
  <iLLD:file class="mchal">_Impl/IfxStm_cfg_TC37xED.c</iLLD:file>
  <iLLD:file class="mchal">_Impl/IfxStm_cfg_TC38EVOx.c</iLLD:file>
  <iLLD:file class="mchal">_Impl/IfxStm_cfg_TC38x.c</iLLD:file>
  <iLLD:file class="mchal">_Impl/IfxStm_cfg_TC39xB.c</iLLD:file>
</iLLD:filelist>
