<?xml version="1.0" encoding="UTF-8"?>
<iLLD:filelist driver="IfxEth" xmlns:iLLD="http://www.infineon.com/cms/xml/iLLD/1.0/EN">
  <iLLD:class name="mchal"/> <!-- Derivative specific library -->
  <iLLD:class name="srvsw"/> <!-- Service software library -->
  <iLLD:file class="mchal">Scu/Std/IfxScuCcu.c</iLLD:file>
  <iLLD:file class="mchal">Scu/Std/IfxScuWdt.c</iLLD:file>
  <iLLD:file class="mchal">Port/Std/IfxPort.c</iLLD:file>
  <iLLD:file class="mchal">_Impl/IfxPort_cfg_TC33xED.c</iLLD:file>
  <iLLD:file class="mchal">_Impl/IfxPort_cfg_TC37xED.c</iLLD:file>
  <iLLD:file class="mchal">_Impl/IfxPort_cfg_TC38EVOx.c</iLLD:file>
  <iLLD:file class="mchal">_Impl/IfxPort_cfg_TC39xB.c</iLLD:file>
  <iLLD:file class="mchal">Sdmmc/Std/IfxSdmmc.c</iLLD:file>
  <iLLD:file class="mchal">Sdmmc/Sd/IfxSdmmc_Sd.c</iLLD:file>  
  <iLLD:file class="mchal">Sdmmc/Emmc/IfxSdmmc_Emmc.c</iLLD:file>  
  <iLLD:file class="mchal">_PinMap/IfxSdmmc_PinMap_TC33xED_516.c</iLLD:file>
  <iLLD:file class="mchal">_PinMap/IfxSdmmc_PinMap_TC33xED_LFBGA180_adas.c</iLLD:file>
  <iLLD:file class="mchal">_PinMap/IfxSdmmc_PinMap_TC33xED_LFBGA292_adas.c</iLLD:file>
  <iLLD:file class="mchal">_PinMap/IfxSdmmc_PinMap_TC37xED_516.c</iLLD:file>
  <iLLD:file class="mchal">_PinMap/IfxSdmmc_PinMap_TC37xED_LFBGA292.c</iLLD:file>
  <iLLD:file class="mchal">_PinMap/IfxSdmmc_PinMap_TC37xED_LFBGA292_geth.c</iLLD:file>
  <iLLD:file class="mchal">_PinMap/IfxSdmmc_PinMap_TC37xED_LQFP144.c</iLLD:file>
  <iLLD:file class="mchal">_PinMap/IfxSdmmc_PinMap_TC37xED_LQFP176.c</iLLD:file>
  <iLLD:file class="mchal">_PinMap/IfxSdmmc_PinMap_TC37xED_TQFP144.c</iLLD:file>
  <iLLD:file class="mchal">_PinMap/IfxSdmmc_PinMap_TC38EVOx_516.c</iLLD:file>
  <iLLD:file class="mchal">_PinMap/IfxSdmmc_PinMap_TC38EVOx_LFBGA292.c</iLLD:file>
  <iLLD:file class="mchal">_PinMap/IfxSdmmc_PinMap_TC39xB_516.c</iLLD:file>
  <iLLD:file class="mchal">_PinMap/IfxSdmmc_PinMap_TC39xB_LFBGA292.c</iLLD:file>
  <iLLD:file class="mchal">_PinMap/IfxSdmmc_PinMap_TC39xB_LFBGA292_adas.c</iLLD:file>
  <iLLD:file class="mchal">_PinMap/IfxSdmmc_PinMap_TC39xB_LFBGA516.c</iLLD:file>
</iLLD:filelist>
